id,label,art_path,unity_path,width,height,guid,status,runtime_connected,unity_validation
EXT-001,Stage2 낮은 구름,Art_Source/game_image_remaining_20261007/stage2/sky-v2.png,Assets/Art/UI/GameImageRemaining/stage2/sky-v2.png,1774,887,bc83198b10324afea1737ea8c82f11b0,image_produced,False,pending
EXT-002,Stage2 원경,Art_Source/game_image_remaining_20261007/stage2/far-v2.png,Assets/Art/UI/GameImageRemaining/stage2/far-v2.png,1672,941,aef5523db7294aa39bd4c6eb3117b5c9,image_produced,False,pending
EXT-003,Stage2 중경,Art_Source/game_image_remaining_20261007/stage2/mid-v1.png,Assets/Art/UI/GameImageRemaining/stage2/mid-v1.png,1983,793,b0ff53dfea2142d9925501b1fbfc5ca3,image_produced,False,pending
EXT-004,Stage2 근경,Art_Source/game_image_remaining_20261007/stage2/near-v1.png,Assets/Art/UI/GameImageRemaining/stage2/near-v1.png,2172,724,90edce40dfbc400e91b6acb978317327,image_produced,False,pending
EXT-005,Stage2 지면 스트립,Art_Source/game_image_remaining_20261007/stage2/ground-v1.png,Assets/Art/UI/GameImageRemaining/stage2/ground-v1.png,2172,724,d87f4eb3d0894ba7acf1431129ceeeaa,image_produced,False,pending
EXT-006,Stage2 플랫폼,Art_Source/game_image_remaining_20261007/stage2/platform-v1.png,Assets/Art/UI/GameImageRemaining/stage2/platform-v1.png,2172,724,0144a4242ca04fe3813dedc8bcc0533b,image_produced,False,pending
EXT-007,Stage3 원경,Art_Source/game_image_remaining_20261007/stage3/far-v2.png,Assets/Art/UI/GameImageRemaining/stage3/far-v2.png,1983,793,c215f8bcd489476a84bf3ae6f80022d7,image_produced,False,pending
EXT-008,Stage3 중경,Art_Source/game_image_remaining_20261007/stage3/mid-v1.png,Assets/Art/UI/GameImageRemaining/stage3/mid-v1.png,1983,793,c7497109745a4b76a7a5f05b7e874fe8,image_produced,False,pending
EXT-009,Stage3 근경,Art_Source/game_image_remaining_20261007/stage3/near-v1.png,Assets/Art/UI/GameImageRemaining/stage3/near-v1.png,2172,724,e968dff5da6e43b2bb727ae335136c0e,image_produced,False,pending
EXT-010,Stage3 지면 스트립,Art_Source/game_image_remaining_20261007/stage3/ground-v1.png,Assets/Art/UI/GameImageRemaining/stage3/ground-v1.png,1983,793,5260ebd04d5544f89de08e1674d1cfa1,image_produced,False,pending
EXT-011,Stage3 플랫폼,Art_Source/game_image_remaining_20261007/stage3/platform-v1.png,Assets/Art/UI/GameImageRemaining/stage3/platform-v1.png,2172,724,65df4f1ee0ca4b97afe528b9ce55ce24,image_produced,False,pending
EXT-012,깨진 제단 사용 전,Art_Source/game_image_remaining_20261007/props/broken-altar-ready-v1.png,Assets/Art/UI/GameImageRemaining/props/broken-altar-ready-v1.png,1536,1024,abaef5dd50e84f1f988c91a53415faff,image_produced,False,pending
EXT-013,깨진 제단 사용 후,Art_Source/game_image_remaining_20261007/props/broken-altar-spent-v1.png,Assets/Art/UI/GameImageRemaining/props/broken-altar-spent-v1.png,1536,1024,81030f67725642d299cedecea17ceed7,image_produced,False,pending
EXT-014,봉인문 닫힘,Art_Source/game_image_remaining_20261007/props/sealed-door-closed-v1.png,Assets/Art/UI/GameImageRemaining/props/sealed-door-closed-v1.png,1024,1536,b7ba6588682a4fc6a4c92b75bca2464c,image_produced,False,pending
EXT-015,봉인문 열림,Art_Source/game_image_remaining_20261007/props/sealed-door-open-v1.png,Assets/Art/UI/GameImageRemaining/props/sealed-door-open-v1.png,1024,1536,7f29f35c8474455f85f1ebb94148bbf4,image_produced,False,pending
EXT-016,보급함 닫힘,Art_Source/game_image_remaining_20261007/props/cache-closed-v1.png,Assets/Art/UI/GameImageRemaining/props/cache-closed-v1.png,1536,1024,ed96af0351eb4f63aa8951cd61e949de,image_produced,False,pending
EXT-017,보급함 열림,Art_Source/game_image_remaining_20261007/props/cache-open-v1.png,Assets/Art/UI/GameImageRemaining/props/cache-open-v1.png,1536,1024,9eb603a741d44303afec6ca46c107b87,image_produced,False,pending
EXT-018,샘 사용 전,Art_Source/game_image_remaining_20261007/props/spring-ready-v1.png,Assets/Art/UI/GameImageRemaining/props/spring-ready-v1.png,1536,1024,8a54e7925c104e37b7c3595dbf18b118,image_produced,False,pending
EXT-019,샘 사용 후,Art_Source/game_image_remaining_20261007/props/spring-spent-v1.png,Assets/Art/UI/GameImageRemaining/props/spring-spent-v1.png,1536,1024,11c798dad27149458ccdfbbe6a427a5b,image_produced,False,pending
EXT-020,왕관 받침 사용 전,Art_Source/game_image_remaining_20261007/props/crown-ready-v1.png,Assets/Art/UI/GameImageRemaining/props/crown-ready-v1.png,1374,1145,9fec7db683c74e318e6d28c4ce759c55,image_produced,False,pending
EXT-021,왕관 받침 사용 후,Art_Source/game_image_remaining_20261007/props/crown-spent-v1.png,Assets/Art/UI/GameImageRemaining/props/crown-spent-v1.png,1374,1145,7c7dfa0e866d4c6f8e86080cd20fe335,image_produced,False,pending
EXT-022,맹세의 돌 사용 전,Art_Source/game_image_remaining_20261007/props/oath-stone-ready-v1.png,Assets/Art/UI/GameImageRemaining/props/oath-stone-ready-v1.png,1536,1024,3d666cb86f124d3288ea09a424b887c7,image_produced,False,pending
EXT-023,맹세의 돌 사용 후,Art_Source/game_image_remaining_20261007/props/oath-stone-spent-v1.png,Assets/Art/UI/GameImageRemaining/props/oath-stone-spent-v1.png,1536,1024,4f8accfadb274e6ab93626e8aa10118f,image_produced,False,pending
EXT-024,구역 하강 계단,Art_Source/game_image_remaining_20261007/exits/descending-stairs-v1.png,Assets/Art/UI/GameImageRemaining/exits/descending-stairs-v1.png,1402,1122,e7167d4a60e54fce91de99284a8e0e45,image_produced,False,pending
EXT-025,최종 귀환 계단,Art_Source/game_image_remaining_20261007/exits/return-stairs-v1.png,Assets/Art/UI/GameImageRemaining/exits/return-stairs-v1.png,1536,1024,0747c62876bc46f1af91fbeb3de21cd2,image_produced,False,pending
EXT-026,떠돌이 상인 초상,Art_Source/game_image_remaining_20261007/portraits/run-peddler-v1.png,Assets/Art/UI/GameImageRemaining/portraits/run-peddler-v1.png,1274,1234,3a1255328ce6450cad14ef37739893a0,image_produced,False,pending
EXT-027,재의 상인 초상,Art_Source/game_image_remaining_20261007/portraits/ash-trader-v2.png,Assets/Art/UI/GameImageRemaining/portraits/ash-trader-v2.png,1312,1199,2fb9f03954a44b05b913c16deeb2bfff,image_produced,False,pending
EXT-028,도굴꾼 초상,Art_Source/game_image_remaining_20261007/portraits/grave-dealer-v2.png,Assets/Art/UI/GameImageRemaining/portraits/grave-dealer-v2.png,1145,1374,8eb625076ccf402e8ac0e8ecda0ea323,image_produced,False,pending
EXT-029,기본 베기 효과 원본,Art_Source/game_image_remaining_20261007/vfx/slash-arc-v1.png,Assets/Art/UI/GameImageRemaining/vfx/slash-arc-v1.png,1536,1024,23f786e6257542c09ba2d00675f6b12d,image_produced,False,pending
EXT-030,일반 타격 효과 원본,Art_Source/game_image_remaining_20261007/vfx/hit-spark-v1.png,Assets/Art/UI/GameImageRemaining/vfx/hit-spark-v1.png,1374,1145,a76f7ae9716d47128db633071f519acb,image_produced,False,pending
EXT-031,가드 효과 원본,Art_Source/game_image_remaining_20261007/vfx/block-impact-v1.png,Assets/Art/UI/GameImageRemaining/vfx/block-impact-v1.png,1536,1024,db0ed6e84da54f75ac1a051f195e89fd,image_produced,False,pending
EXT-032,저스트 가드 효과 원본,Art_Source/game_image_remaining_20261007/vfx/just-guard-v1.png,Assets/Art/UI/GameImageRemaining/vfx/just-guard-v1.png,1264,1244,0fc34cc6638b41e091c9a937a7310903,image_produced,False,pending
EXT-033,치명타 효과 원본,Art_Source/game_image_remaining_20261007/vfx/critical-impact-v1.png,Assets/Art/UI/GameImageRemaining/vfx/critical-impact-v1.png,1536,1024,b93c19f762f44b30806b3ed128e4c4ef,image_produced,False,pending
EXT-034,착지 먼지 효과 원본,Art_Source/game_image_remaining_20261007/vfx/landing-dust-v1.png,Assets/Art/UI/GameImageRemaining/vfx/landing-dust-v1.png,1983,793,606430909bc04f07a1a7c447a5236522,image_produced,False,pending
EXT-035,공통 선택 괄호,Art_Source/game_image_remaining_20261007/ui/focus-bracket-v1.png,Assets/Art/UI/GameImageRemaining/ui/focus-bracket-v1.png,887,1774,413e569b79b04c449d8544273ad974c9,image_produced,False,pending
EXT-036,상호작용 안내 표식,Art_Source/game_image_remaining_20261007/ui/interaction-marker-v1.png,Assets/Art/UI/GameImageRemaining/ui/interaction-marker-v1.png,1218,1291,fc58d3534436485fb87a75f4ab7c00b0,image_produced,False,pending
EXT-037,목표 완료 표식,Art_Source/game_image_remaining_20261007/ui/objective-complete-v1.png,Assets/Art/UI/GameImageRemaining/ui/objective-complete-v1.png,1364,1153,98478e229a60411ab854742cfc6bc924,image_produced,False,pending
EXT-038,입력 키 공통 빈 액자,Art_Source/game_image_remaining_20261007/ui/input-key-frame-v1.png,Assets/Art/UI/GameImageRemaining/ui/input-key-frame-v1.png,1254,1254,b2f0baba134f4caa81612034e7ed29bc,image_produced,False,pending
EXT-039,빙결 축 예약 표식,Art_Source/game_image_remaining_20261007/synergy/frost-reserved-v1.png,Assets/Art/UI/GameImageRemaining/synergy/frost-reserved-v1.png,1268,1240,ea07d87671bc454b96adc26e6ec05c77,image_produced,False,pending
EXT-040,영혼 축 예약 표식,Art_Source/game_image_remaining_20261007/synergy/soul-reserved-v1.png,Assets/Art/UI/GameImageRemaining/synergy/soul-reserved-v1.png,1374,1145,942f11bd3673415bbe4713501fdfab0e,image_produced,False,pending
