ID,이미지,그룹,제작,게임연결,Unity검증,원본,Unity준비본,근거
IMG-001,연소 강화,skills,제작,미진행,대기,Art_Source/game_image_inventory_20261007/skills/burn-enhancement-v1.png,Assets/Art/UI/GameImageInventory/skills/burn-enhancement-v1.png,Assets/Resources/Data/Skills/Skill_02_BurnEnhancement.asset
IMG-002,폭발 신학,skills,제작,미진행,대기,Art_Source/game_image_inventory_20261007/skills/explosive-theology-v1.png,Assets/Art/UI/GameImageInventory/skills/explosive-theology-v1.png,Assets/Resources/Data/Skills/Skill_03_ExplosiveTheology.asset
IMG-003,불꽃 갑옷,skills,제작,미진행,대기,Art_Source/game_image_inventory_20261007/skills/flame-armor-v1.png,Assets/Art/UI/GameImageInventory/skills/flame-armor-v1.png,Assets/Resources/Data/Skills/Skill_04_FlameArmor.asset
IMG-004,잔상,skills,제작,미진행,대기,Art_Source/game_image_inventory_20261007/skills/afterimage-v1.png,Assets/Art/UI/GameImageInventory/skills/afterimage-v1.png,Assets/Resources/Data/Skills/Skill_06_Afterimage.asset
IMG-005,심연 충전,skills,제작,미진행,대기,Art_Source/game_image_inventory_20261007/skills/abyss-charge-v1.png,Assets/Art/UI/GameImageInventory/skills/abyss-charge-v1.png,Assets/Resources/Data/Skills/Skill_07_AbyssCharge.asset
IMG-006,심연 동료,skills,제작,미진행,대기,Art_Source/game_image_inventory_20261007/skills/abyss-ally-v2.png,Assets/Art/UI/GameImageInventory/skills/abyss-ally-v2.png,Assets/Resources/Data/Skills/Skill_09_AbyssAlly.asset
IMG-007,영혼 회수,skills,제작,미진행,대기,Art_Source/game_image_inventory_20261007/skills/soul-reclaim-v1.png,Assets/Art/UI/GameImageInventory/skills/soul-reclaim-v1.png,Assets/Resources/Data/Skills/Skill_17_SoulReclaim.asset
IMG-008,반격 태세,skills,제작,미진행,대기,Art_Source/game_image_inventory_20261007/skills/counter-stance-v1.png,Assets/Art/UI/GameImageInventory/skills/counter-stance-v1.png,Assets/Resources/Data/Skills/Skill_18_CounterStance.asset
IMG-009,피의 분노,skills,제작,미진행,대기,Art_Source/game_image_inventory_20261007/skills/blood-rage-v1.png,Assets/Art/UI/GameImageInventory/skills/blood-rage-v1.png,Assets/Resources/Data/Skills/Skill_20_BloodRage.asset
IMG-010,최후의 일격,skills,제작,미진행,대기,Art_Source/game_image_inventory_20261007/skills/final-stand-v1.png,Assets/Art/UI/GameImageInventory/skills/final-stand-v1.png,Assets/Resources/Data/Skills/Skill_21_FinalStand.asset
IMG-011,흡혈 인장,skills,제작,미진행,대기,Art_Source/game_image_inventory_20261007/skills/vampiric-seal-v1.png,Assets/Art/UI/GameImageInventory/skills/vampiric-seal-v1.png,Assets/Resources/Data/Skills/Skill_22_VampiricSeal.asset
IMG-012,핏빛 광채,skills,제작,미진행,대기,Art_Source/game_image_inventory_20261007/skills/crimson-radiance-v1.png,Assets/Art/UI/GameImageInventory/skills/crimson-radiance-v1.png,Assets/Resources/Data/Skills/Skill_23_CrimsonRadiance.asset
IMG-013,죽음의 약속,skills,제작,미진행,대기,Art_Source/game_image_inventory_20261007/skills/deaths-promise-v1.png,Assets/Art/UI/GameImageInventory/skills/deaths-promise-v1.png,Assets/Resources/Data/Skills/Skill_24_DeathsPromise.asset
IMG-014,혈영,skills,제작,미진행,대기,Art_Source/game_image_inventory_20261007/skills/blood-shade-v1.png,Assets/Art/UI/GameImageInventory/skills/blood-shade-v1.png,Assets/Resources/Data/Skills/Skill_25_BloodShade.asset
IMG-015,신중한 시선,skills,제작,미진행,대기,Art_Source/game_image_inventory_20261007/skills/keen-eye-v1.png,Assets/Art/UI/GameImageInventory/skills/keen-eye-v1.png,Assets/Resources/Data/Skills/Skill_26_KeenEye.asset
IMG-016,신성 보호,skills,제작,미진행,대기,Art_Source/game_image_inventory_20261007/skills/holy-ward-v1.png,Assets/Art/UI/GameImageInventory/skills/holy-ward-v1.png,Assets/Resources/Data/Skills/Skill_27_HolyWard.asset
IMG-017,황금 손길,skills,제작,미진행,대기,Art_Source/game_image_inventory_20261007/skills/golden-touch-v1.png,Assets/Art/UI/GameImageInventory/skills/golden-touch-v1.png,Assets/Resources/Data/Skills/Skill_28_GoldenTouch.asset
IMG-018,운명의 가호,skills,제작,미진행,대기,Art_Source/game_image_inventory_20261007/skills/fates-favor-v1.png,Assets/Art/UI/GameImageInventory/skills/fates-favor-v1.png,Assets/Resources/Data/Skills/Skill_29_FatesFavor.asset
IMG-019,돌이 된 심장,relics,제작,미진행,대기,Art_Source/game_image_inventory_20261007/relics/stone-heart-v1.png,Assets/Art/UI/GameImageInventory/relics/stone-heart-v1.png,Assets/Resources/Data/Relics/StoneHeart.asset
IMG-020,닳은 숫돌,relics,제작,미진행,대기,Art_Source/game_image_inventory_20261007/relics/whetstone-v1.png,Assets/Art/UI/GameImageInventory/relics/whetstone-v1.png,Assets/Resources/Data/Relics/Whetstone.asset
IMG-021,터진 전대,relics,제작,미진행,대기,Art_Source/game_image_inventory_20261007/relics/coin-pouch-v1.png,Assets/Art/UI/GameImageInventory/relics/coin-pouch-v1.png,Assets/Resources/Data/Relics/CoinPouch.asset
IMG-022,꺼지지 않은 심지,relics,제작,미진행,대기,Art_Source/game_image_inventory_20261007/relics/ember-core-v1.png,Assets/Art/UI/GameImageInventory/relics/ember-core-v1.png,Assets/Resources/Data/Relics/EmberCore.asset
IMG-023,깊은 광맥의 조각,relics,제작,미진행,대기,Art_Source/game_image_inventory_20261007/relics/deep-vein-v1.png,Assets/Art/UI/GameImageInventory/relics/deep-vein-v1.png,Assets/Resources/Data/Relics/DeepVein.asset
IMG-024,먼저 본 자의 눈,relics,제작,미진행,대기,Art_Source/game_image_inventory_20261007/relics/seers-eye-v1.png,Assets/Art/UI/GameImageInventory/relics/seers-eye-v1.png,Assets/Resources/Data/Relics/SeersEye.asset
IMG-025,녹슨 검,weapons,제작,미진행,대기,Art_Source/game_image_inventory_20261007/weapons/rusted-blade-v1.png,Assets/Art/UI/GameImageInventory/weapons/rusted-blade-v1.png,Assets/Resources/Data/Weapons/RustedBlade.asset
IMG-026,낡은 활,weapons,제작,미진행,대기,Art_Source/game_image_inventory_20261007/weapons/worn-bow-v1.png,Assets/Art/UI/GameImageInventory/weapons/worn-bow-v1.png,Assets/Resources/Data/Weapons/WornBow.asset
IMG-027,찌그러진 방패,weapons,제작,미진행,대기,Art_Source/game_image_inventory_20261007/weapons/dented-shield-v1.png,Assets/Art/UI/GameImageInventory/weapons/dented-shield-v1.png,Assets/Resources/Data/Weapons/DentedShield.asset
IMG-028,이 빠진 단검,weapons,제작,미진행,대기,Art_Source/game_image_inventory_20261007/weapons/chipped-dagger-v1.png,Assets/Art/UI/GameImageInventory/weapons/chipped-dagger-v1.png,Assets/Resources/Data/Weapons/ChippedDagger.asset
IMG-029,전투 방 표식,routes,제작,미진행,대기,Art_Source/game_image_inventory_20261007/routes/combat-v1.png,Assets/Art/UI/GameImageInventory/routes/combat-v1.png,Assets/Scripts/Runtime/Stage/RoomTypeDisplay.cs
IMG-030,엘리트 방 표식,routes,제작,미진행,대기,Art_Source/game_image_inventory_20261007/routes/elite-v1.png,Assets/Art/UI/GameImageInventory/routes/elite-v1.png,Assets/Scripts/Runtime/Stage/RoomTypeDisplay.cs
IMG-031,휴식 방 표식,routes,제작,미진행,대기,Art_Source/game_image_inventory_20261007/routes/rest-v1.png,Assets/Art/UI/GameImageInventory/routes/rest-v1.png,Assets/Scripts/Runtime/Stage/RoomTypeDisplay.cs
IMG-032,상점 방 표식,routes,제작,미진행,대기,Art_Source/game_image_inventory_20261007/routes/shop-v1.png,Assets/Art/UI/GameImageInventory/routes/shop-v1.png,Assets/Scripts/Runtime/Stage/RoomTypeDisplay.cs
IMG-033,골드 파편,common,제작,미진행,대기,Art_Source/game_image_inventory_20261007/common/gold-shards-v1.png,Assets/Art/UI/GameImageInventory/common/gold-shards-v1.png,Assets/Scripts/Runtime/UI/GoldCounterPresenter.cs
IMG-034,심연 파편,common,제작,미진행,대기,Art_Source/game_image_inventory_20261007/common/abyss-shards-v1.png,Assets/Art/UI/GameImageInventory/common/abyss-shards-v1.png,Assets/Scripts/Runtime/Meta/MetaSaveService.cs
IMG-035,리롤 표식,common,제작,미진행,대기,Art_Source/game_image_inventory_20261007/common/reroll-v1.png,Assets/Art/UI/GameImageInventory/common/reroll-v1.png,Assets/Scripts/Runtime/UI/DraftPanelPresenter.cs
IMG-036,저장 표식,common,제작,미진행,대기,Art_Source/game_image_inventory_20261007/common/save-record-v1.png,Assets/Art/UI/GameImageInventory/common/save-record-v1.png,Assets/Scripts/Runtime/UI/SaveStatusOverlay.cs
IMG-037,불꽃 축,synergy,제작,미진행,대기,Art_Source/game_image_inventory_20261007/synergy/fire-v1.png,Assets/Art/UI/GameImageInventory/synergy/fire-v1.png,Assets/Scripts/Runtime/Draft/SynergyAxis.cs
IMG-038,심연 축,synergy,제작,미진행,대기,Art_Source/game_image_inventory_20261007/synergy/abyss-v1.png,Assets/Art/UI/GameImageInventory/synergy/abyss-v1.png,Assets/Scripts/Runtime/Draft/SynergyAxis.cs
IMG-039,수호 축,synergy,제작,미진행,대기,Art_Source/game_image_inventory_20261007/synergy/guard-v1.png,Assets/Art/UI/GameImageInventory/synergy/guard-v1.png,Assets/Scripts/Runtime/Draft/SynergyAxis.cs
IMG-040,피의 서약 축,synergy,제작,미진행,대기,Art_Source/game_image_inventory_20261007/synergy/blood-pact-v1.png,Assets/Art/UI/GameImageInventory/synergy/blood-pact-v1.png,Assets/Scripts/Runtime/Draft/SynergyAxis.cs
IMG-041,대화창 프레임,ui,제작,미진행,대기,Art_Source/game_image_inventory_20261007/ui/dialogue-frame-v1.png,Assets/Art/UI/GameImageInventory/ui/dialogue-frame-v1.png,Assets/Scripts/Runtime/Dialogue/DialogueUI.cs
IMG-042,튜토리얼 안내 프레임,ui,제작,미진행,대기,Art_Source/game_image_inventory_20261007/ui/tutorial-frame-v1.png,Assets/Art/UI/GameImageInventory/ui/tutorial-frame-v1.png,Assets/Scripts/Runtime/UI/FirstPlayTutorialPanel.cs
IMG-043,런 정산 장식,ui,제작,미진행,대기,Art_Source/game_image_inventory_20261007/ui/run-result-emblem-v1.png,Assets/Art/UI/GameImageInventory/ui/run-result-emblem-v1.png,Assets/Scripts/Runtime/UI/ResultPanelPresenter.cs
IMG-044,Stage2 배경 후보,environment,제작,미진행,대기,Art_Source/game_image_inventory_20261007/environment/stage2-background-v1.png,Assets/Art/UI/GameImageInventory/environment/stage2-background-v1.png,Art_Source/10_BIBLE/01-world-identity.md
IMG-045,Stage3 배경 후보,environment,제작,미진행,대기,Art_Source/game_image_inventory_20261007/environment/stage3-background-v2.png,Assets/Art/UI/GameImageInventory/environment/stage3-background-v2.png,Art_Source/10_BIBLE/01-world-identity.md
